customer_id,customer_name_ar,customer_name_en,national_id,mobile,email,iban,address_ar,age,gender,city,district,job,salary,monthly_spending,customer_segment,order_ref,notes
CUST-1001,خالد الزهراني,Khalid Al-Zahrani,1879730917,0504170753,khalid.zahrani51@example.com,SA20 4555 6815 1884 4729 4055,حي الروضة، طريق الملك عبدالله، 7523 Jeddah,35,Male,Jeddah,Al Rawdah,موظف حكومي,11500,6900,Standard,2616987168,VIP follow-up
CUST-1002,مها الغامدي,Maha Al-Ghamdi,1819672732,0591778486,maha.ghamdi86@example.com,SA0645887663440029787534,حي المنسك، طريق الملك عبدالله، 9440 Abha,57,Female,Abha,Al Mansak,محاسب,18900,7710,Premium,2787680457,عميل منتظم
CUST-1003,فيصل المطيري,Faisal Al-Mutairi,1627010794,0561933190,faisal.mutairi97@example.com,SA94 4552 0599 7283 7929 8416,حي الفيصلية، شارع الأمير محمد بن سعد، 2738 Dammam,25,Male,Dammam,Al Faisaliyah,مبرمج,11000,6310,Standard,1294866283,Prefers email contact
CUST-1004,فاطمة العتيبي,Fatimah Al-Otaibi,1517799225,0568369579,fatimah.otaibi30@example.com,SA3680860320807370283822,حي الروضة، شارع التحلية، 8600 Jeddah,22,Female,Jeddah,Al Rawdah,فني,6700,3330,Basic,1646861642,طلب تحديث البيانات، رقم الهوية: 1517799225
CUST-1005,لينا الحربي,Lina Al-Harbi,1133017564,0562052589,lina.harbi69@example.com,SA03 1019 4893 9494 8214 1621,حي الياسمين، طريق الملك فهد، 5273 Riyadh,49,Female,Riyadh,Al Yasmin,طبيب,14700,10410,Premium,1521854914,تم التواصل لتأكيد الطلب
CUST-1006,فيصل العتيبي,Faisal Al-Otaibi,1118955796,0589065939,faisal.otaibi60@example.com,SA3420158464506045414659,حي الفيصلية، شارع الأمير محمد بن سعد، 3059 Dammam,47,Male,Dammam,Al Faisaliyah,مهندس,10200,4010,Standard,1853801291,عميل منتظم
CUST-1007,مها الزهراني,Maha Al-Zahrani,1363228089,0588642300,maha.zahrani36@example.com,SA79 2064 5291 2808 4585 0037,حي الروضة، شارع التحلية، 6883 Jeddah,48,Female,Jeddah,Al Rawdah,موظف حكومي,11100,5660,Standard,1382653845,للتواصل على الجوال: 0588642300 أو عبر البريد maha.zahrani36@example.com
CUST-1008,هند المطيري,Hind Al-Mutairi,1058602143,0548421083,hind.mutairi90@example.com,SA8245906688281126584409,حي الفيصلية، طريق الملك عبدالله، 6827 Dammam,33,Female,Dammam,Al Faisaliyah,معلم,11000,5880,Standard,1244845263,Please verify national id 1058602143 before approval
CUST-1009,العنود بن فيصل الدوسري,Alanoud bin Faisal Al-Dossari,1051543823,0569321571,alanoud.dossari94@example.com,SA22 8064 9415 7718 8357 9511,حي الملقا، شارع التحلية، 9080 Riyadh,31,Female,Riyadh,Al Malqa,مهندس,12600,5070,Standard,1744325688,تم التواصل لتأكيد الطلب
CUST-1010,فاطمة بن عبدالله الزهراني,Fatimah bin Abdullah Al-Zahrani,1279264517,0544742843,fatimah.zahrani43@example.com,SA9310814497660856517883,حي الشفاء، شارع الأمير محمد بن سعد، 5401 Al Kharj,43,Female,Al Kharj,Al Shifa,مدير مبيعات,15500,11020,Premium,1599677500,طلب تحديث بيانات الحساب
CUST-1011,نورة القحطاني,Noura Al-Qahtani,1125373926,0584196898,noura.qahtani18@example.com,SA50 8004 6028 8375 5559 7475,حي الشفاء، شارع التحلية، 9393 Al Kharj,26,Female,Al Kharj,Al Shifa,فني,9600,4170,Standard,2072075473,تم التواصل لتأكيد الطلب
CUST-1012,فاطمة الغامدي,Fatimah Al-Ghamdi,2791889575,0545521824,fatimah.ghamdi68@example.com,SA6820193073368828347285,حي الشاطئ، شارع الستين، 2000 Dammam,62,Female,Dammam,Al Shati,فني,19600,11550,Premium,2689832982,طلب تحديث البيانات، رقم الهوية: 2791889575
CUST-1013,محمد الغامدي,Mohammed Al-Ghamdi,1022697807,0543858176,mohammed.ghamdi20@example.com,SA68 4528 0700 1594 5028 3166,حي العليا، طريق الملك عبدالله، 6950 Riyadh,55,Male,Riyadh,Al Olaya,ممرض,13100,7280,Standard,1233735286,Prefers email contact
CUST-1014,نايف الغامدي,Naif Al-Ghamdi,1592123630,0550824456,naif.ghamdi2@example.com,SA2120874572128357699085,حي الصفا، شارع الأمير محمد بن سعد، 2319 Jeddah,26,Male,Jeddah,Al Safa,محاسب,10000,4370,Standard,2177588814,للتواصل على الجوال: 0550824456 أو عبر البريد naif.ghamdi2@example.com
CUST-1015,محمد العتيبي,Mohammed Al-Otaibi,1252016124,0564001981,mohammed.otaibi94@example.com,SA61 4524 7357 3638 5607 3927,حي الصفا، طريق الملك عبدالله، 1557 Jeddah,62,Male,Jeddah,Al Safa,موظف حكومي,17700,11080,Premium,1197967807,طلب تحديث بيانات الحساب
CUST-1016,مها بن عبدالله المطيري,Maha bin Abdullah Al-Mutairi,1982819532,0561827611,maha.mutairi54@example.com,SA6620033042845142038178,حي الفيصلية، شارع التحلية، 4352 Dammam,38,Female,Dammam,Al Faisaliyah,مدير مبيعات,14300,9730,Premium,1578037041,طلب تحديث البيانات، رقم الهوية: 1982819532
CUST-1017,أحمد الغامدي,Ahmed Al-Ghamdi,1837085388,0557130066,ahmed.ghamdi72@example.com,SA29 8079 2232 8385 6427 1051,حي الشفاء، طريق الملك فهد، 1024 Al Kharj,25,Male,Al Kharj,Al Shifa,فني,5000,2980,Basic,1983725278,عميل منتظم
CUST-1018,فاطمة العتيبي,Fatimah Al-Otaibi,1431634995,0589248005,fatimah.otaibi95@example.com,SA6010791372987112098426,حي الصفا، شارع الأمير محمد بن سعد، 4726 Jeddah,53,Female,Jeddah,Al Safa,ممرض,12100,8270,Standard,2079426079,عميل منتظم
CUST-1019,نورة المطيري,Noura Al-Mutairi,1745219806,0533463521,noura.mutairi30@example.com,SA03 2029 5863 9848 8645 7328,حي المنسك، طريق الملك عبدالله، 1969 Abha,49,Female,Abha,Al Mansak,مبرمج,12400,6820,Standard,2093426927,Prefers email contact
CUST-1020,بندر القحطاني,Bandar Al-Qahtani,2498556832,0506866953,bandar.qahtani72@example.com,SA8520501332796726835081,حي الصفا، شارع التحلية، 6088 Jeddah,35,Male,Jeddah,Al Safa,فني,13600,9830,Standard,1136179581,طلب تحديث البيانات، رقم الهوية: 2498556832
CUST-1021,أحمد العتيبي,Ahmed Al-Otaibi,2387592112,0543277186,ahmed.otaibi97@example.com,SA25 1010 7617 7077 5106 2614,حي الصفا، طريق الملك عبدالله، 2676 Jeddah,61,Male,Jeddah,Al Safa,مدير مبيعات,14500,9270,Premium,1615202994,للتواصل على الجوال: 0543277186 أو عبر البريد ahmed.otaibi97@example.com
CUST-1022,تركي الزهراني,Turki Al-Zahrani,1398286409,0569487464,turki.zahrani27@example.com,SA7820258444193039955156,حي الصفا، شارع الستين، 7183 Jeddah,41,Male,Jeddah,Al Safa,مدير مبيعات,15100,9460,Premium,2979615679,تم التواصل لتأكيد الطلب
CUST-1023,سارة القحطاني,Sara Al-Qahtani,1048801565,0546440330,sara.qahtani10@example.com,SA16 1020 5987 1988 9042 1631,حي الشفاء، طريق الملك عبدالله، 7078 Al Kharj,51,Female,Al Kharj,Al Shifa,مهندس,13800,7390,Standard,1119602780,تم التواصل لتأكيد الطلب
CUST-1024,العنود المطيري,Alanoud Al-Mutairi,1179677206,0541263478,alanoud.mutairi80@example.com,SA3010352401376156105914,حي اليمامة، طريق الملك عبدالله، 6697 Al Kharj,38,Female,Al Kharj,Al Yamamah,فني,8600,5350,Standard,1354148818,طلب تحديث البيانات، رقم الهوية: 1179677206
CUST-1025,فهد بن عبدالله الدوسري,Fahad bin Abdullah Al-Dossari,1325719290,0548085347,fahad.dossari82@example.com,SA06 8042 4761 3414 6175 4420,حي النرجس، شارع الأمير محمد بن سعد، 6216 Riyadh,45,Male,Riyadh,Al Narjis,مبرمج,14000,8970,Standard,1461338005,طلب تحديث بيانات الحساب
CUST-1026,خالد الغامدي,Khalid Al-Ghamdi,2977605530,0564885681,khalid.ghamdi82@example.com,SA9280670907276151413633,حي الفيصلية، طريق الملك فهد، 4259 Dammam,55,Male,Dammam,Al Faisaliyah,موظف حكومي,13800,5090,Standard,2370108752,Prefers email contact
CUST-1027,بندر الدوسري,Bandar Al-Dossari,1539899748,0595358134,bandar.dossari24@example.com,SA63 8072 3349 6770 4410 4751,حي الياسمين، شارع الستين، 3121 Riyadh,56,Male,Riyadh,Al Yasmin,مدير مبيعات,13900,5420,Standard,2886561141,عميل منتظم
CUST-1028,تركي الزهراني,Turki Al-Zahrani,2947478182,0534460261,turki.zahrani80@example.com,SA9145680801000520070091,حي المنسك، طريق الملك فهد، 1592 Abha,60,Male,Abha,Al Mansak,مبرمج,13500,8850,Standard,2039273305,طلب تحديث البيانات، رقم الهوية: 2947478182
CUST-1029,بندر السبيعي,Bandar Al-Subaie,1635110206,0538300403,bandar.subaie1@example.com,SA96 8042 6371 6715 5293 0126,حي الروضة، شارع الستين، 3838 Jeddah,47,Male,Jeddah,Al Rawdah,مدير مبيعات,16800,6460,Premium,2081297705,Prefers email contact
CUST-1030,سعود الشمري,Saud Al-Shammari,2186158123,0599991470,saud.shammari86@example.com,SA5320755485066351676825,حي الملقا، شارع التحلية، 4673 Riyadh,33,Male,Riyadh,Al Malqa,محلل بيانات,6400,4650,Basic,2348124172,Prefers email contact
CUST-1031,ريم الحربي,Reem Al-Harbi,2242204267,0538370950,reem.harbi49@example.com,SA11 8018 8987 0415 1780 1332,حي النرجس، طريق الملك عبدالله، 1538 Riyadh,60,Female,Riyadh,Al Narjis,معلم,13500,7920,Standard,2269563782,Prefers email contact
CUST-1032,مها الدوسري,Maha Al-Dossari,1070022387,0559695343,maha.dossari17@example.com,SA5820465501351006371711,حي الروضة، شارع الستين، 1261 Jeddah,32,Female,Jeddah,Al Rawdah,طبيب,7100,4170,Basic,1433516585,Please verify national id 1070022387 before approval
CUST-1033,خالد بن فهد الزهراني,Khalid bin Fahad Al-Zahrani,1152051148,0562941834,khalid.zahrani15@example.com,SA61 8082 3861 3521 2223 8637,حي اليمامة، شارع الستين، 6325 Al Kharj,33,Male,Al Kharj,Al Yamamah,مهندس,7000,3000,Basic,2760405424,Prefers email contact
CUST-1034,بندر بن فهد الدوسري,Bandar bin Fahad Al-Dossari,2744766045,0597139360,bandar.dossari85@example.com,SA6545504965709605643338,حي الشفاء، طريق الملك عبدالله، 5609 Al Kharj,25,Male,Al Kharj,Al Shifa,معلم,8700,6210,Standard,2926877109,VIP follow-up
CUST-1035,فيصل الغامدي,Faisal Al-Ghamdi,1326607569,0569651648,faisal.ghamdi8@example.com,SA46 2088 2039 6220 9876 9539,حي النرجس، شارع الأمير محمد بن سعد، 3884 Riyadh,36,Male,Riyadh,Al Narjis,محلل بيانات,8200,2960,Standard,2110098976,للتواصل على الجوال: 0569651648 أو عبر البريد faisal.ghamdi8@example.com
CUST-1036,مها الدوسري,Maha Al-Dossari,1442782064,0582443177,maha.dossari35@example.com,SA2320643231677792141534,حي الشاطئ، طريق الملك فهد، 4546 Dammam,26,Female,Dammam,Al Shati,مدير مبيعات,9000,3730,Standard,2796725218,طلب تحديث البيانات، رقم الهوية: 1442782064
CUST-1037,سعود العتيبي,Saud Al-Otaibi,2383129471,0505029529,saud.otaibi24@example.com,SA02 8074 2565 7983 7176 3452,حي الصفا، شارع التحلية، 7730 Jeddah,58,Male,Jeddah,Al Safa,معلم,20100,8530,Premium,2064501145,VIP follow-up
CUST-1038,محمد العنزي,Mohammed Al-Anazi,1851481018,0533156040,mohammed.anazi71@example.com,SA2410781959610101954446,حي الفيصلية، طريق الملك فهد، 6752 Dammam,42,Male,Dammam,Al Faisaliyah,مهندس,8600,4780,Standard,1515753921,عميل منتظم
CUST-1039,بندر العنزي,Bandar Al-Anazi,1049953142,0533733697,bandar.anazi73@example.com,SA36 4516 8542 4744 8059 4980,حي الروضة، شارع التحلية، 8126 Jeddah,62,Male,Jeddah,Al Rawdah,طبيب,18500,11810,Premium,2558562528,تم التواصل لتأكيد الطلب
CUST-1040,عبدالله السبيعي,Abdullah Al-Subaie,1069426698,0561433179,abdullah.subaie11@example.com,SA5345307477763886918044,حي العليا، شارع الأمير محمد بن سعد، 5431 Riyadh,46,Male,Riyadh,Al Olaya,طبيب,11300,5840,Standard,1861340695,طلب تحديث البيانات، رقم الهوية: 1069426698
CUST-1041,نايف العنزي,Naif Al-Anazi,1678172469,0554122028,naif.anazi35@example.com,SA45 4525 8025 7978 1768 8784,حي الروضة، طريق الملك عبدالله، 1188 Jeddah,53,Male,Jeddah,Al Rawdah,مهندس,17400,9580,Premium,2179785575,Prefers email contact
CUST-1042,سارة الزهراني,Sara Al-Zahrani,1531624482,0551774836,sara.zahrani82@example.com,SA0745032019172290357505,حي الياسمين، طريق الملك فهد، 8306 Riyadh,52,Female,Riyadh,Al Yasmin,مهندس,15600,9290,Premium,1016992938,للتواصل على الجوال: 0551774836 أو عبر البريد sara.zahrani82@example.com
CUST-1043,عبدالله المطيري,Abdullah Al-Mutairi,1378736670,0594714732,abdullah.mutairi29@example.com,SA46 8024 5287 7132 7440 4309,حي العليا، شارع التحلية، 2526 Riyadh,34,Male,Riyadh,Al Olaya,ممرض,13200,5320,Standard,2428243143,طلب تحديث بيانات الحساب
CUST-1044,مها بن فيصل الشمري,Maha bin Faisal Al-Shammari,1586627125,0542042651,maha.shammari11@example.com,SA8620269583590271052865,حي العليا، شارع الأمير محمد بن سعد، 6113 Riyadh,51,Female,Riyadh,Al Olaya,مبرمج,18000,12400,Premium,2605518300,Please verify national id 1586627125 before approval
CUST-1045,فاطمة الزهراني,Fatimah Al-Zahrani,1302265499,0590898233,fatimah.zahrani65@example.com,SA85 4530 5906 1922 7553 5483,حي اليمامة، شارع الستين، 4116 Al Kharj,31,Female,Al Kharj,Al Yamamah,محاسب,12200,5730,Standard,2474451995,تم التواصل لتأكيد الطلب
CUST-1046,سعود بن فيصل العنزي,Saud bin Faisal Al-Anazi,1303752685,0505786051,saud.anazi88@example.com,SA2710761253982575370730,حي الملقا، شارع التحلية، 5550 Riyadh,47,Male,Riyadh,Al Malqa,طبيب,15000,6530,Premium,1908627732,Prefers email contact
CUST-1047,نورة بن تركي الدوسري,Noura bin Turki Al-Dossari,1172614222,0541521657,noura.dossari52@example.com,SA55 2052 6058 1885 8938 3299,حي النرجس، شارع الأمير محمد بن سعد، 7369 Riyadh,38,Female,Riyadh,Al Narjis,محاسب,8200,3030,Standard,1770913175,Prefers email contact
CUST-1048,محمد العتيبي,Mohammed Al-Otaibi,2376891772,0586034236,mohammed.otaibi41@example.com,SA9120602683754741547733,حي الفيصلية، شارع الستين، 2508 Dammam,40,Male,Dammam,Al Faisaliyah,مبرمج,11500,7100,Standard,1743663044,طلب تحديث البيانات، رقم الهوية: 2376891772
